{"train loss": 0.06521786222050727, "_timestamp": 1716249882.6584015, "_runtime": 9445.029025554657, "_step": 1999, "train acc": 0.9775530695915222, "val loss": 0.636985182762146, "val acc": 0.9127753376960754, "_wandb": {"runtime": 9444}}