{"train loss": 0.2138598778595527, "_timestamp": 1716240404.7232969, "_runtime": 9797.525162935257, "_step": 1999, "train acc": 0.921555757522583, "val loss": 0.48039501905441284, "val acc": 0.838525652885437, "_wandb": {"runtime": 9796}}