{"train loss": 0.09893532673994156, "_timestamp": 1716230574.4516838, "_runtime": 9720.654364824295, "_step": 1999, "train acc": 0.9641623497009277, "val loss": 0.2658827304840088, "val acc": 0.894875168800354, "_wandb": {"runtime": 9719}}